{
  "shueshue.power.stone.beam.loop": {
    "sounds": [
      "shueshue/infinity_stones/power_stone_beam_loop"
    ],
    "category": "player"
  },
  "shueshue.power.stone.beam.start": {
    "sounds": [
      "shueshue/infinity_stones/power_stone_beam_start"
    ],
    "category": "player"
  },
  "shueshue.moonknight.enable": {
    "sounds": [
      "shueshue/moon_knight/ms_enable"
    ],
    "category": "player"
  },
  "shueshue.moonknight.disable": {
    "sounds": [
      "shueshue/moon_knight/ms_disable"
    ],
    "category": "player"
  },
  "shueshue.mrknight.enable": {
    "sounds": [
      "shueshue/moon_knight/sg_enable"
    ],
    "category": "player"
  },
  "shueshue.mrknight.disable": {
    "sounds": [
      "shueshue/moon_knight/sg_disable"
    ],
    "category": "player"
  },
  "shueshue.silversurfer.spacebeam.loop": {
    "sounds": [
      "shueshue/space_beam_loop"
    ],
    "category": "player"
  },
  "shueshue.web.comics.swing": {
    "sounds": [
      "shueshue/web/comics/shoot1",
      "shueshue/web/comics/shoot2",
      "shueshue/web/comics/shoot3",
      "shueshue/web/comics/shoot4",
      "shueshue/web/comics/shoot5",
	  "shueshue/web/comics/shoot6"
    ],
    "category": "player"
  },
  "shueshue.web.comics.shoot": {
    "sounds": [
      "shueshue/web/comics/shoot4",
      "shueshue/web/comics/shoot5",
	  "shueshue/web/comics/shoot6"
    ],
    "category": "player"
  },
  "shueshue.webswinging.fire": {
    "sounds": [
      "shueshue/web/swinging/fire_loop"
    ],
    "category": "player"
  },
  "shueshue.hulk.thunderclap": {
    "sounds": [
      "shueshue/hulk/thunderclap"
    ],
    "category": "player"
  },
  "shueshue.hulk.thunderclap.roar": {
    "sounds": [
      "shueshue/hulk/thunderclap_roar1",
	  "shueshue/hulk/thunderclap_roar2",
	  "shueshue/hulk/thunderclap_roar3",
	  "shueshue/hulk/thunderclap_roar4"
    ],
    "category": "player"
  },
  "shueshue.hulk.thunderclap.charge": {
    "sounds": [
      "shueshue/hulk/thunderclap_charge"
    ],
    "category": "player"
  },
  "shueshue.hulk.thunderclap.charge.roar": {
    "sounds": [
      "shueshue/hulk/thunderclap_charge_roar1",
	  "shueshue/hulk/thunderclap_charge_roar2",
	  "shueshue/hulk/thunderclap_charge_roar3",
	  "shueshue/hulk/thunderclap_charge_roar4",
	  "shueshue/hulk/thunderclap_charge_roar5"
    ],
    "category": "player"
  },
  "shueshue.hulk.punch": {
    "sounds": [
      "shueshue/hulk/punch"
    ],
    "category": "player"
  },
  "shueshue.hulk.walk": {
    "sounds": [
      "shueshue/hulk/walk1",
	  "shueshue/hulk/walk2",
	  "shueshue/hulk/walk3"
    ],
    "category": "player"
  },
  "shueshue.herobrine": {
    "sounds": [
      "shueshue/herobrine/cave1",
	  "shueshue/herobrine/cave2",
	  "shueshue/herobrine/cave3",
	  "shueshue/herobrine/cave4",
	  "shueshue/herobrine/cave5",
	  "shueshue/herobrine/cave6",
	  "shueshue/herobrine/cave7",
	  "shueshue/herobrine/cave8",
	  "shueshue/herobrine/cave9",
	  "shueshue/herobrine/cave10",
	  "shueshue/herobrine/cave12",
	  "shueshue/herobrine/cave13",
	  "shueshue/herobrine/cave15",
	  "shueshue/herobrine/cave19"
    ],
    "category": "player"
  },
  "shueshue.herobrine.scream": {
    "sounds": [
      "shueshue/herobrine/scream"
    ],
    "category": "player"
  },
  "shueshue.hulk.grow.stop": {
    "sounds": [
      "shueshue/hulk/grow_stop1",
	  "shueshue/hulk/grow_stop2",
	  "shueshue/hulk/grow_stop3",
	  "shueshue/hulk/grow_stop4"
    ],
    "category": "player"
  }
}