{
  "shueshue.ghostspider.ghost": {
    "category": "player",
    "sounds": [{
        "name": "shueshue/ghost_spider/ghost1",
        "weight": 1
      },
      {
        "name": "shueshue/ghost_spider/ghost10",
        "weight": 1
      },
      {
        "name": "shueshue/ghost_spider/ghost2",
        "weight": 1
      },
      {
        "name": "shueshue/ghost_spider/ghost3",
        "weight": 1
      },
      {
        "name": "shueshue/ghost_spider/ghost4",
        "weight": 1
      },
      {
        "name": "shueshue/ghost_spider/ghost5",
        "weight": 1
      },
      {
        "name": "shueshue/ghost_spider/ghost6",
        "weight": 1
      },
      {
        "name": "shueshue/ghost_spider/ghost7",
        "weight": 1
      },
      {
        "name": "shueshue/ghost_spider/ghost8",
        "weight": 1
      },
      {
        "name": "shueshue/ghost_spider/ghost9",
        "weight": 1
      },
      {
        "name": "shueshue/null",
        "weight": 10
      }
    ]
  },
  "shueshue.ghostspider.punch": {
    "category": "player",
    "sounds": [
      "shueshue/ghost_spider/punch"
    ]
  },
  "shueshue.godspeed.godly": {
    "category": "record",
    "sounds": [{
      "name": "shueshue/godspeed/godly_display",
      "stream": true
    }]
  },
  "shueshue.godspeed.godly.music": {
    "category": "record",
    "sounds": [{
      "name": "shueshue/godspeed/godly_display_music",
      "stream": true
    }]
  },
  "shueshue.herobrine": {
    "category": "player",
    "sounds": [
      "shueshue/herobrine/cave1",
      "shueshue/herobrine/cave10",
      "shueshue/herobrine/cave12",
      "shueshue/herobrine/cave13",
      "shueshue/herobrine/cave15",
      "shueshue/herobrine/cave19",
      "shueshue/herobrine/cave2",
      "shueshue/herobrine/cave3",
      "shueshue/herobrine/cave4",
      "shueshue/herobrine/cave5",
      "shueshue/herobrine/cave6",
      "shueshue/herobrine/cave7",
      "shueshue/herobrine/cave8",
      "shueshue/herobrine/cave9"
    ]
  },
  "shueshue.herobrine.scream": {
    "category": "player",
    "sounds": [
      "shueshue/herobrine/scream"
    ]
  },
  "shueshue.homelander.beam.loop": {
    "category": "player",
    "sounds": [
      "shueshue/homelander/beam_loop"
    ]
  },
  "shueshue.homelander.beam.start": {
    "category": "player",
    "sounds": [
      "shueshue/homelander/beam_start"
    ]
  },
  "shueshue.homelander.beam.stop": {
    "category": "player",
    "sounds": [
      "shueshue/homelander/beam_stop"
    ]
  },
  "shueshue.homelander.boost": {
    "category": "player",
    "sounds": [
      "shueshue/homelander/boost"
    ]
  },
  "shueshue.homelander.eyes.loop": {
    "category": "player",
    "sounds": [
      "shueshue/homelander/eyes_loop"
    ]
  },
  "shueshue.homelander.eyes.start": {
    "category": "player",
    "sounds": [
      "shueshue/homelander/eyes_start"
    ]
  },
  "shueshue.homelander.eyes.stop": {
    "category": "player",
    "sounds": [
      "shueshue/homelander/eyes_stop"
    ]
  },
  "shueshue.homelander.landing": {
    "category": "player",
    "sounds": [
      "shueshue/homelander/landing"
    ]
  },
  "shueshue.hulk.grow": {
    "category": "player",
    "sounds": [
      "shueshue/hulk/grow"
    ]
  },
  "shueshue.hulk.grow.noise": {
    "category": "player",
    "sounds": [
      "shueshue/hulk/grow_noise"
    ]
  },
  "shueshue.hulk.grow.stop": {
    "category": "player",
    "sounds": [
      "shueshue/hulk/grow_stop1",
      "shueshue/hulk/grow_stop2",
      "shueshue/hulk/grow_stop3",
      "shueshue/hulk/grow_stop4"
    ]
  },
  "shueshue.hulk.grow.stop.impact": {
    "category": "player",
    "sounds": [
      "shueshue/hulk/grow_stop_impact"
    ]
  },
  "shueshue.hulk.jump": {
    "category": "player",
    "sounds": [
      "shueshue/hulk/jump"
    ]
  },
  "shueshue.hulk.jump.roar": {
    "category": "player",
    "sounds": [{
        "name": "shueshue/hulk/jump_roar1",
        "weight": 1
      },
      {
        "name": "shueshue/hulk/jump_roar2",
        "weight": 1
      },
      {
        "name": "shueshue/hulk/jump_roar3",
        "weight": 1
      },
      {
        "name": "shueshue/hulk/jump_roar4",
        "weight": 1
      },
      {
        "name": "shueshue/hulk/jump_roar5",
        "weight": 1
      },
      {
        "name": "shueshue/null",
        "weight": 10
      }
    ]
  },
  "shueshue.hulk.punch": {
    "category": "player",
    "sounds": [
      "shueshue/hulk/punch"
    ]
  },
  "shueshue.hulk.punch.roar": {
    "category": "player",
    "sounds": [{
        "name": "shueshue/hulk/punch_roar1",
        "weight": 1
      },
      {
        "name": "shueshue/hulk/punch_roar2",
        "weight": 1
      },
      {
        "name": "shueshue/hulk/punch_roar3",
        "weight": 1
      },
      {
        "name": "shueshue/hulk/punch_roar4",
        "weight": 1
      },
      {
        "name": "shueshue/hulk/punch_roar5",
        "weight": 1
      },
      {
        "name": "shueshue/hulk/punch_roar6",
        "weight": 1
      },
      {
        "name": "shueshue/hulk/punch_roar7",
        "weight": 1
      },
      {
        "name": "shueshue/hulk/punch_roar8",
        "weight": 1
      },
      {
        "name": "shueshue/null",
        "weight": 32
      }
    ]
  },
  "shueshue.hulk.shrink": {
    "category": "player",
    "sounds": [
      "shueshue/hulk/shrink"
    ]
  },
  "shueshue.hulk.thunderclap": {
    "category": "player",
    "sounds": [
      "shueshue/hulk/thunderclap"
    ]
  },
  "shueshue.hulk.thunderclap.charge": {
    "category": "player",
    "sounds": [
      "shueshue/hulk/thunderclap_charge"
    ]
  },
  "shueshue.hulk.thunderclap.charge.roar": {
    "category": "player",
    "sounds": [
      "shueshue/hulk/thunderclap_charge_roar1",
      "shueshue/hulk/thunderclap_charge_roar2",
      "shueshue/hulk/thunderclap_charge_roar3",
      "shueshue/hulk/thunderclap_charge_roar4"
    ]
  },
  "shueshue.hulk.thunderclap.roar": {
    "category": "player",
    "sounds": [
      "shueshue/hulk/thunderclap_roar1",
      "shueshue/hulk/thunderclap_roar2",
      "shueshue/hulk/thunderclap_roar3",
      "shueshue/hulk/thunderclap_roar4"
    ]
  },
  "shueshue.hulk.walk": {
    "category": "player",
    "sounds": [
      "shueshue/hulk/walk1",
      "shueshue/hulk/walk2",
      "shueshue/hulk/walk3"
    ]
  },
  "shueshue.miningarmor.boost.loop1": {
    "category": "player",
    "sounds": [
      "shueshue/mining_armor/boost_loop1"
    ]
  },
  "shueshue.miningarmor.boost.loop2": {
    "category": "player",
    "sounds": [
      "shueshue/mining_armor/boost_loop2"
    ]
  },
  "shueshue.miningarmor.boost.start": {
    "category": "player",
    "sounds": [
      "shueshue/mining_armor/boost_start"
    ]
  },
  "shueshue.miningarmor.flight.enable": {
    "category": "player",
    "sounds": [
      "shueshue/mining_armor/flight_enable"
    ]
  },
  "shueshue.miningarmor.intangibility.disable": {
    "category": "player",
    "sounds": [
      "shueshue/mining_armor/intangibility_disable"
    ]
  },
  "shueshue.miningarmor.intangibility.enable": {
    "category": "player",
    "sounds": [
      "shueshue/mining_armor/intangibility_enable"
    ]
  },
  "shueshue.miningarmor.landing": {
    "category": "player",
    "sounds": [
      "shueshue/mining_armor/landing"
    ]
  },
  "shueshue.miningarmor.laser.loop": {
    "category": "player",
    "sounds": [
      "shueshue/mining_armor/laser_loop"
    ]
  },
  "shueshue.miningarmor.laser.start": {
    "category": "player",
    "sounds": [
      "shueshue/mining_armor/laser_start"
    ]
  },
  "shueshue.miningarmor.laser.stop": {
    "category": "player",
    "sounds": [
      "shueshue/mining_armor/laser_stop"
    ]
  },
  "shueshue.miningarmor.step": {
    "category": "player",
    "sounds": [
      "shueshue/mining_armor/step1",
      "shueshue/mining_armor/step2"
    ]
  },
  "shueshue.moonknight.cape.enable": {
    "category": "player",
    "sounds": [
      "shueshue/moon_knight/cape_enable"
    ]
  },
  "shueshue.moonknight.dart.disable": {
    "category": "player",
    "sounds": [
      "shueshue/moon_knight/dart_disable"
    ]
  },
  "shueshue.moonknight.dart.enable": {
    "category": "player",
    "sounds": [
      "shueshue/moon_knight/dart_enable"
    ]
  },
  "shueshue.moonknight.disable": {
    "category": "player",
    "sounds": [
      "shueshue/moon_knight/marc_disable"
    ]
  },
  "shueshue.moonknight.enable": {
    "category": "player",
    "sounds": [
      "shueshue/moon_knight/marc_enable"
    ]
  },
  "shueshue.moonknight.gliding.loop": {
    "category": "player",
    "sounds": [
      "shueshue/moon_knight/gliding_loop"
    ]
  },
  "shueshue.moonknight.khonshu": {
    "category": "player",
    "sounds": [{
        "name": "shueshue/moon_knight/khonshu_marc1",
        "weight": 1
      },
      {
        "name": "shueshue/moon_knight/khonshu_marc2",
        "weight": 1
      },
      {
        "name": "shueshue/moon_knight/khonshu_marc3",
        "weight": 1
      },
      {
        "name": "shueshue/moon_knight/khonshu_marc4",
        "weight": 1
      },
      {
        "name": "shueshue/null",
        "weight": 16
      }
    ]
  },
  "shueshue.moonknight.maskclose": {
    "category": "player",
    "sounds": [
      "shueshue/moon_knight/mask_close"
    ]
  },
  "shueshue.moonknight.maskopen": {
    "category": "player",
    "sounds": [
      "shueshue/moon_knight/mask_open"
    ]
  },
  "shueshue.moonknight.music": {
    "category": "player",
    "sounds": [{
        "name": "shueshue/moon_knight/music1",
        "weight": 1
      },
      {
        "name": "shueshue/moon_knight/music10",
        "weight": 1
      },
      {
        "name": "shueshue/moon_knight/music11",
        "weight": 1
      },
      {
        "name": "shueshue/moon_knight/music12",
        "weight": 1
      },
      {
        "name": "shueshue/moon_knight/music13",
        "weight": 1
      },
      {
        "name": "shueshue/moon_knight/music14",
        "weight": 1
      },
      {
        "name": "shueshue/moon_knight/music15",
        "weight": 1
      },
      {
        "name": "shueshue/moon_knight/music16",
        "weight": 1
      },
      {
        "name": "shueshue/moon_knight/music17",
        "weight": 1
      },
      {
        "name": "shueshue/moon_knight/music18",
        "weight": 1
      },
      {
        "name": "shueshue/moon_knight/music2",
        "weight": 1
      },
      {
        "name": "shueshue/moon_knight/music3",
        "weight": 1
      },
      {
        "name": "shueshue/moon_knight/music4",
        "weight": 1
      },
      {
        "name": "shueshue/moon_knight/music5",
        "weight": 1
      },
      {
        "name": "shueshue/moon_knight/music6",
        "weight": 1
      },
      {
        "name": "shueshue/moon_knight/music7",
        "weight": 1
      },
      {
        "name": "shueshue/moon_knight/music8",
        "weight": 1
      },
      {
        "name": "shueshue/moon_knight/music9",
        "weight": 1
      },
      {
        "name": "shueshue/null",
        "weight": 1800
      }
    ]
  },
  "shueshue.moonknight.music.shue": {
    "category": "player",
    "sounds": [{
        "name": "shueshue/moon_knight/music1",
        "weight": 1
      },
      {
        "name": "shueshue/moon_knight/music10",
        "weight": 1
      },
      {
        "name": "shueshue/moon_knight/music11",
        "weight": 1
      },
      {
        "name": "shueshue/moon_knight/music12",
        "weight": 1
      },
      {
        "name": "shueshue/moon_knight/music13",
        "weight": 1
      },
      {
        "name": "shueshue/moon_knight/music14",
        "weight": 1
      },
      {
        "name": "shueshue/moon_knight/music15",
        "weight": 1
      },
      {
        "name": "shueshue/moon_knight/music16",
        "weight": 1
      },
      {
        "name": "shueshue/moon_knight/music17",
        "weight": 1
      },
      {
        "name": "shueshue/moon_knight/music18",
        "weight": 1
      },
      {
        "name": "shueshue/moon_knight/music2",
        "weight": 1
      },
      {
        "name": "shueshue/moon_knight/music3",
        "weight": 1
      },
      {
        "name": "shueshue/moon_knight/music4",
        "weight": 1
      },
      {
        "name": "shueshue/moon_knight/music5",
        "weight": 1
      },
      {
        "name": "shueshue/moon_knight/music6",
        "weight": 1
      },
      {
        "name": "shueshue/moon_knight/music7",
        "weight": 1
      },
      {
        "name": "shueshue/moon_knight/music8",
        "weight": 1
      },
      {
        "name": "shueshue/moon_knight/music9",
        "weight": 1
      }
    ]
  },
  "shueshue.mrknight.disable": {
    "category": "player",
    "sounds": [
      "shueshue/moon_knight/steven_disable"
    ]
  },
  "shueshue.mrknight.enable": {
    "category": "player",
    "sounds": [
      "shueshue/moon_knight/steven_enable"
    ]
  },
  "shueshue.mrknight.khonshu": {
    "category": "player",
    "sounds": [{
        "name": "shueshue/moon_knight/khonshu_steven1",
        "weight": 1
      },
      {
        "name": "shueshue/moon_knight/khonshu_steven2",
        "weight": 1
      },
      {
        "name": "shueshue/moon_knight/khonshu_steven3",
        "weight": 1
      },
      {
        "name": "shueshue/null",
        "weight": 12
      }
    ]
  },
  "shueshue.mrknight.truncheon.disable": {
    "category": "player",
    "sounds": [
      "shueshue/moon_knight/truncheon_disable"
    ]
  },
  "shueshue.mrknight.truncheon.enable": {
    "category": "player",
    "sounds": [
      "shueshue/moon_knight/truncheon_enable"
    ]
  },
  "shueshue.silversurfer.spacebeam.loop": {
    "category": "player",
    "sounds": [
      "shueshue/space_beam_loop"
    ]
  },
  "shueshue.spiderman.black.raimi.dirt": {
    "category": "player",
    "sounds": [
      "shueshue/spider_man_black_raimi/dirt1",
      "shueshue/spider_man_black_raimi/dirt2",
      "shueshue/spider_man_black_raimi/dirt3",
      "shueshue/spider_man_black_raimi/dirt4"
    ]
  },
  "shueshue.temp": {
    "category": "player",
    "sounds": [
      "shueshue/temp"
    ]
  },
  "shueshue.vibe.aim.loop": {
    "category": "player",
    "sounds": [
      "shueshue/vibe/aim_loop"
    ]
  },
  "shueshue.vibe.aim.start": {
    "category": "player",
    "sounds": [
      "shueshue/vibe/aim_start"
    ]
  },
  "shueshue.vibe.blast": {
    "category": "player",
    "sounds": [
      "shueshue/vibe/blast1",
      "shueshue/vibe/blast2",
      "shueshue/vibe/blast3"
    ]
  },
  "shueshue.web.comics.shoot": {
    "category": "player",
    "sounds": [
      "shueshue/web/comics/shoot4",
      "shueshue/web/comics/shoot5",
      "shueshue/web/comics/shoot6"
    ]
  },
  "shueshue.web.comics.swing": {
    "category": "player",
    "sounds": [
      "shueshue/web/comics/shoot1",
      "shueshue/web/comics/shoot2",
      "shueshue/web/comics/shoot3",
      "shueshue/web/comics/shoot4",
      "shueshue/web/comics/shoot5",
      "shueshue/web/comics/shoot6"
    ]
  },
  "shueshue.webswinging.fire": {
    "category": "player",
    "sounds": [
      "shueshue/web/swinging/fire_loop"
    ]
  }
}